# Generated by scripts/paper-labels.sh; do not edit.
# rev: 48cac9a
# commit: 48cac9a41efac2fb58f32f61ff21fd89db7c7d98
# label	document	reference	page
section:introduction	main	Section 1	1
fig:cadence-architecture	main	Figure 1	3
subsection:mcp-overview	main	Section 2	4
fig:mcp-overview	main	Figure 2	5
subsection:cadence-overview	main	Section 3	6
subsection:slot-consensus-overview	main	Section 3.1	6
subsection:orchestrator-overview	main	Section 3.2	6
fig:slot-consensus-overview	main	Figure 3	7
fig:orchestrator-overview	main	Figure 4	8
subsection:composition-overview	main	Section 3.3	8
fig:cadence-overview	main	Figure 5	9
section:chorus-overview	main	Section 4	10
subsection:chorus-preliminaries	main	Section 4.1	10
subsubsection:ObjectofAgreement	main	Section 4.1	10
fig:proposal-encoding	main	Figure 6	11
fig:meta-block	main	Figure 7	11
subsection:fast-path-overview	main	Section 4.2	11
subsubsec:fast-path-speed	main	Section 4.2	12
subsection:fallback-path-overview	main	Section 4.3	12
fig:fast-path	main	Figure 8	13
fig:fallback-path	main	Figure 9	14
subsection:meta-to-block	main	Section 4.4	14
fig:recovery	main	Figure 10	16
subsection:chorus-proof	main	Section 4.5	16
section:conductor-overview	main	Section 5	17
fig:conductor-schedule	main	Figure 11	18
fig:conductor-acs	main	Figure 12	18
fig:conductor-recovery	main	Figure 13	19
sec:deploying	main	Section 6	19
sec:deploy-building	main	Section 6.1	20
subsection:uncertainty	main	Section 6.1	20
sec:deploy-translation	main	Section 6.2	20
sec:deploy-certifying	main	Section 6.3	21
sec:chain-certification	main	Section 6.3	21
sec:practical	main	Section 7	21
pc:accountability	main	Section 7.1	21
pc:latency	main	Section 7.2	22
subsection:early_voting	main	Section 7.2	22
subsection:slices	main	Section 7.2	23
pc:privacy	main	Section 7.3	23
subsection:simulation	main	Section 8	23
sec:related	main	Section 9	24
section:formal_problem_definition	main	Appendix A	27
subsection:mcp-preliminaries	main	Appendix A.1	27
def:safety	main	Definition 1	28
def:liveness	main	Definition 2	28
def:censorship-resistance	main	Definition 3	29
def:hiding	main	Definition 4	30
section:framework	main	Appendix B	30
subsection:building_blocks_framework	main	Appendix B.1	30
mod:slotconsensus	main	Module 1	31
subsection:memory	main	Appendix B.1	31
mod:orchestrator_2	main	Module 2	32
subsection:composition_cadence	main	Appendix B.2	32
algorithm:cadence	main	Algorithm 1	33
line:uses-sc	main	Algorithm 1, line 2	33
line:uses-orch	main	Algorithm 1, line 3	33
line:var-log	main	Algorithm 1, line 5	33
line:var-opened	main	Algorithm 1, line 6	33
line:var-skipped	main	Algorithm 1, line 7	33
line:var-pending	main	Algorithm 1, line 8	33
line:func-ready-to-append	main	Algorithm 1, line 10	33
line:func-ready-to-append-return	main	Algorithm 1, line 11	33
line:startup	main	Algorithm 1, line 12	33
line:start-orch	main	Algorithm 1, line 13	33
line:upon-open	main	Algorithm 1, line 14	33
line:opened-update	main	Algorithm 1, line 15	33
line:implicit-skip	main	Algorithm 1, line 16	33
line:participate	main	Algorithm 1, line 17	33
line:proposer-check	main	Algorithm 1, line 18	33
line:propose	main	Algorithm 1, line 19	33
line:upon-finalize	main	Algorithm 1, line 20	33
line:pending-add	main	Algorithm 1, line 21	33
line:complete	main	Algorithm 1, line 22	33
line:abandon	main	Algorithm 1, line 23	33
line:upon-ready-to-append	main	Algorithm 1, line 24	33
line:append	main	Algorithm 1, line 25	33
line:pending-remove	main	Algorithm 1, line 26	33
fig:cadence-arch	main	Figure 14	34
subsection:correctness_cadence	main	Appendix B.3	34
lemma:cadence-safety	main	Lemma 1	34
lemma:cadence-liveness	main	Lemma 2	35
lemma:cadence-bounded-concurrency	main	Lemma 5	35
section:slot_agreement	main	Appendix C	36
appendix:crypto	main	Appendix C.1	36
appendix:encryption	main	Appendix C.2	36
subsection:chorus-protocol-overview	main	Appendix C.3	39
subsection:dissemination	main	Appendix C.3	40
alg:proposer-dissemination	main	Algorithm 2	41
alg:voting	main	Algorithm 3	41
line:vote-positive	main	Algorithm 3, line 5	41
line:vote-broadcast	main	Algorithm 3, line 14	41
subsection:fast_path	main	Appendix C.3	41
subsection:fallback_path	main	Appendix C.3	42
alg:fast-path-certification	main	Algorithm 4	43
line:fast-formqc	main	Algorithm 4, line 18	43
line:fast-metablock	main	Algorithm 4, line 20	43
line:fast-commitvote	main	Algorithm 4, line 24	43
line:fast-pathvote	main	Algorithm 4, line 25	43
line:fast-collect-commit	main	Algorithm 4, line 31	43
line:fast-broadcast-commitqc	main	Algorithm 4, line 33	43
line:fast-recv-commitqc	main	Algorithm 4, line 34	43
line:fast-rebroadcast-commitqc	main	Algorithm 4, line 35	43
line:fast-finalize	main	Algorithm 4, line 36	43
mod:mvba	main	Module 3	45
subsection:da	main	Appendix C.3	45
subsection:proof_sketches	main	Appendix C.4	45
lemma:chorus-quiescence	main	Lemma 6	45
alg:fallback	main	Algorithm 5	46
line:fb-pathvote-guard	main	Algorithm 5, line 7	46
line:fb-cast-entry	main	Algorithm 5, line 8	46
line:fb-positive-entry	main	Algorithm 5, line 11	46
line:fb-redisseminate	main	Algorithm 5, line 12	46
line:fb-accept	main	Algorithm 5, line 18	46
line:fb-harvest	main	Algorithm 5, line 20	46
line:fb-mvba-propose-fast	main	Algorithm 5, line 23	46
line:fb-build-entry	main	Algorithm 5, line 26	46
line:fb-build-fast	main	Algorithm 5, line 27	46
line:fb-build-equiv	main	Algorithm 5, line 29	46
line:fb-formqc	main	Algorithm 5, line 30	46
line:fb-mvba-propose	main	Algorithm 5, line 36	46
line:fb-mvba-decide	main	Algorithm 5, line 37	46
line:fb-commit-foreach	main	Algorithm 5, line 38	46
line:fb-commit-wait	main	Algorithm 5, line 39	46
line:fb-commitvote	main	Algorithm 5, line 41	46
line:fb-collect-commit	main	Algorithm 5, line 42	46
line:fb-formcommitqc	main	Algorithm 5, line 43	46
line:fb-commit-broadcast	main	Algorithm 5, line 44	46
line:fb-recv-commit	main	Algorithm 5, line 45	46
line:fb-commit-rebroadcast	main	Algorithm 5, line 46	46
line:fb-finalize	main	Algorithm 5, line 47	46
line:fb-abandon	main	Algorithm 5, line 48	46
alg:da	main	Algorithm 6	47
line:da-wait	main	Algorithm 6, line 12	47
line:da-proposer-check	main	Algorithm 6, line 13	47
line:da-recover-slot	main	Algorithm 6, line 14	47
line:da-reencode	main	Algorithm 6, line 24	47
lemma:chorus-hiding	main	Lemma 7	48
lemma:chorus-slot-safety	main	Lemma 8	48
prop:agreement-entries	main	Proposition 1	48
prop:recovery-consistency	main	Proposition 2	49
lemma:chorus-agreement	main	Lemma 9	49
prop:honest-positive-entry	main	Proposition 3	49
lemma:chorus-proposal-inclusion	main	Lemma 10	49
def:delta-synchronized-participation	main	Definition 5	50
prop:chorus-totality	main	Proposition 4	50
prop:chorus-finalization-time	main	Proposition 5	51
lemma:chorus-termination	main	Lemma 11	52
thm:chorus-correctness	main	Theorem 1	52
section:conductor-formal	main	Appendix D	52
mod:acs	main	Module 4	53
subsection:conductor-proof	main	Appendix D.2	54
lemma:window-entry	main	Proposition 6	54
algorithm:conductor	main	Algorithm 7	55
line:assumption-one	main	Algorithm 7, line 7	55
line:assumption-two	main	Algorithm 7, line 8	55
line:assumption-three	main	Algorithm 7, line 9	55
line:assumption-four	main	Algorithm 7, line 10	55
line:acs-instances	main	Algorithm 7, line 12	55
line:current_window_init	main	Algorithm 7, line 14	55
line:ready-check	main	Algorithm 7, line 23	55
line:conductor-wait-for-open	main	Algorithm 7, line 27	55
line:trigger-open	main	Algorithm 7, line 28	55
line:conductor-startup	main	Algorithm 7, line 29	55
line:enter_window_1	main	Algorithm 7, line 30	55
line:startup-foreach	main	Algorithm 7, line 31	55
line:startup-open	main	Algorithm 7, line 32	55
line:startup-opened-update	main	Algorithm 7, line 33	55
line:startup-last	main	Algorithm 7, line 34	55
line:upon-completed	main	Algorithm 7, line 35	55
line:completed-update	main	Algorithm 7, line 36	55
line:ready	main	Algorithm 7, line 37	55
line:ready-time	main	Algorithm 7, line 38	55
line:sstar-compute	main	Algorithm 7, line 39	55
line:sstar-guard	main	Algorithm 7, line 40	55
line:sstar-update	main	Algorithm 7, line 41	55
line:acs-propose	main	Algorithm 7, line 42	55
line:proposed-update	main	Algorithm 7, line 43	55
line:acs-decide	main	Algorithm 7, line 44	55
line:acs-abandon	main	Algorithm 7, line 45	55
line:window-increment	main	Algorithm 7, line 46	55
line:enter_window_omega	main	Algorithm 7, line 47	55
line:median-compute	main	Algorithm 7, line 48	55
line:open-foreach	main	Algorithm 7, line 49	55
line:acs-decide-open	main	Algorithm 7, line 50	55
line:acs-opened-update	main	Algorithm 7, line 51	55
line:last-update	main	Algorithm 7, line 52	55
prop:acs-nonoverlap	main	Proposition 7	56
prop:acs-fate-range	main	Proposition 8	56
prop:window-agreement	main	Proposition 9	56
lemma:conductor-integrity	main	Lemma 12	57
prop:fate-order	main	Proposition 10	57
lemma:conductor-monotonicity	main	Lemma 13	57
prop:open-count-window	main	Proposition 11	57
lem:boundedness	main	Lemma 14	58
def:window-synchronized	main	Definition 6	59
prop:acs-no-premature-abandonment	main	Proposition 12	59
prop:window-synchronization	main	Proposition 13	59
cor:entry-synchronization	main	Corollary 1	60
cor:proposal-synchronization	main	Corollary 2	60
lemma:conductor-totality	main	Lemma 15	61
cor:completion-totality	main	Corollary 3	61
prop:conductor-open-to-complete	main	Proposition 14	61
prop:enters-every-window	main	Proposition 15	61
prop:window-open-time	main	Proposition 16	62
prop:window-progression	main	Proposition 17	63
prop:smooth-windows	main	Proposition 18	63
prop:first-post-gst-window-time	main	Proposition 19	64
lemma:conductor-recovery	main	Lemma 16	64
thm:conductor-correctness	main	Theorem 2	65
cor:chorus-correctness-within-cadence	main	Corollary 4	65
sec:mvba-instantiation	supplement	Section 1	3
subsec:mvba-datatypes	supplement	Section 1.1	3
subsec:mvba-protocol	supplement	Section 1.2	4
alg:mvba	supplement	Algorithm 1	8
line:mvba:derived	supplement	Algorithm 1, line 4	8
alg:mvba-cont	supplement	Algorithm 1	9
line:mvba:leader-guard	supplement	Algorithm 1, line 12	9
line:mvba:pp-guard	supplement	Algorithm 1, line 17	9
line:mvba:qc-decide	supplement	Algorithm 1, line 31	9
alg:mvba-cont2	supplement	Algorithm 1	10
line:mvba:timeout-send	supplement	Algorithm 1, line 36	10
line:mvba:viewtc-retx	supplement	Algorithm 1, line 40	10
line:mvba:reload	supplement	Algorithm 1, line 42	10
line:mvba:restart-guard	supplement	Algorithm 1, line 49	10
line:mvba:hp-record	supplement	Algorithm 1, line 57	10
line:mvba:hp-avail-sync	supplement	Algorithm 1, line 58	10
line:mvba:hp-prepare	supplement	Algorithm 1, line 59	10
line:mvba:tfp-guard	supplement	Algorithm 1, line 63	10
line:mvba:tfp-store	supplement	Algorithm 1, line 65	10
alg:mvba-cont3	supplement	Algorithm 1	11
line:mvba:decide-guard	supplement	Algorithm 1, line 79	11
line:mvba:ht-send	supplement	Algorithm 1, line 83	11
line:mvba:ht-advance	supplement	Algorithm 1, line 85	11
line:mvba:commit-send	supplement	Algorithm 1, line 90	11
line:mvba:sv	supplement	Algorithm 1, line 91	11
line:mvba:sv-adopt	supplement	Algorithm 1, line 95	11
line:mvba:sv-advance	supplement	Algorithm 1, line 96	11
line:mvba:sv-persist	supplement	Algorithm 1, line 97	11
line:mvba:sv-forward	supplement	Algorithm 1, line 98	11
subsec:mvba-correctness	supplement	Section 1.3	11
rem:signature-separation	supplement	Remark 1	11
rem:execution-model	supplement	Remark 2	11
lem:vote-uniqueness	supplement	Lemma 1	12
lem:commit-provenance	supplement	Lemma 2	12
rem:lock-monotonicity	supplement	Remark 3	12
lem:cert-uniqueness	supplement	Lemma 3	12
lem:lock-formation	supplement	Lemma 4	12
lem:avail-progress	supplement	Lemma 5	13
lem:commit-availability	supplement	Lemma 6	13
lem:timeout-closes-view	supplement	Lemma 7	13
lem:lock-persistence	supplement	Lemma 8	13
thm:agreement	supplement	Theorem 1	14
lem:external-validity	supplement	Lemma 9	14
lem:reproposal	supplement	Lemma 10	14
lem:lock-availability	supplement	Lemma 11	14
lem:proposability	supplement	Lemma 12	14
lem:decision-propagation	supplement	Lemma 13	15
lem:view-sync	supplement	Lemma 14	15
lem:convergence	supplement	Lemma 15	15
lem:good-view	supplement	Lemma 16	16
thm:termination	supplement	Theorem 2	16
cor:mvba-recovery-termination	supplement	Corollary 1	17
sec:practical-conductor	supplement	Section 3	18
subsec:conductor-interface	supplement	Section 3.1	19
fig:conductor-interfaces	supplement	Figure 1	20
subsec:window-entry	supplement	Section 3.2	20
eq:slot-deadline	supplement	Equation (1)	20
eq:window-admission-ready	supplement	Equation (2)	20
eq:next-window-proposal	supplement	Equation (3)	21
lem:window-admission-support	supplement	Lemma 17	21
lem:window-deadline-monotonicity	supplement	Lemma 18	21
fig:conductor-normal-progression	supplement	Figure 2	22
subsec:window-cert-install	supplement	Section 3.3	22
eq:live-range	supplement	Equation (4)	22
subsec:catchup	supplement	Section 3.4	23
lem:conductor-live-range	supplement	Lemma 19	23
cor:conductor-safe-retirement	supplement	Corollary 2	23
lem:practical-conductor-bounded	supplement	Corollary 3	24
subsec:conductor-catchup	supplement	Section 3.5	24
assum:catchup-progress	supplement	Section 3.5	24
subsec:windowcert-delivery	supplement	Section 3.6	24
fig:conductor-jump	supplement	Figure 3	25
assum:windowcert-service	supplement	Section 3.6	25
lem:schedule-frontier-convergence	supplement	Lemma 20	25
subsec:persistence	supplement	Section 3.7	25
alg:conductor-practical	supplement	Algorithm 2	26
line:cond:acs-broadcast	supplement	Algorithm 2, line 6	26
line:cond:ticket-contract	supplement	Algorithm 2, line 9	26
line:cond:sync-contract	supplement	Algorithm 2, line 10	27
line:cond:serving-contract	supplement	Algorithm 2, line 11	27
line:cond:dispatcher	supplement	Algorithm 2, line 13	27
line:cond:ready	supplement	Algorithm 2, line 23	27
line:cond:ready-frontiers	supplement	Algorithm 2, line 26	27
line:cond:set-validity	supplement	Algorithm 2, line 27	27
line:cond:schedule	supplement	Algorithm 2, line 34	27
line:cond:timer-fire	supplement	Algorithm 2, line 36	27
line:cond:open	supplement	Algorithm 2, line 38	27
line:cond:install	supplement	Algorithm 2, line 39	27
line:cond:tail-deadlines	supplement	Algorithm 2, line 47	27
line:cond:window-deadlines	supplement	Algorithm 2, line 48	27
line:cond:live-filter	supplement	Algorithm 2, line 49	27
line:cond:install-persist	supplement	Algorithm 2, line 51	27
line:cond:retire	supplement	Algorithm 2, line 52	27
line:cond:retire-acs	supplement	Algorithm 2, line 53	27
line:cond:arm-new	supplement	Algorithm 2, line 54	27
line:cond:propose	supplement	Algorithm 2, line 56	27
line:cond:propose-guard	supplement	Algorithm 2, line 59	27
line:cond:deadline-proposal	supplement	Algorithm 2, line 61	27
line:cond:propose-persist	supplement	Algorithm 2, line 62	27
line:cond:submit	supplement	Algorithm 2, line 63	27
line:cond:bootstrap	supplement	Algorithm 2, line 64	27
line:cond:serve-window	supplement	Algorithm 2, line 67	28
line:cond:startup	supplement	Algorithm 2, line 70	28
line:cond:startup-restore	supplement	Algorithm 2, line 71	28
line:cond:startup-recovery	supplement	Algorithm 2, line 72	28
line:cond:startup-live	supplement	Algorithm 2, line 84	28
line:cond:startup-retire	supplement	Algorithm 2, line 86	28
line:cond:startup-replay	supplement	Algorithm 2, line 90	28
line:cond:startup-check	supplement	Algorithm 2, line 91	28
line:cond:bootstrap-periodic	supplement	Algorithm 2, line 93	28
line:cond:complete	supplement	Algorithm 2, line 95	28
line:cond:executed	supplement	Algorithm 2, line 100	28
line:cond:state-installed	supplement	Algorithm 2, line 103	28
line:cond:lambda	supplement	Algorithm 2, line 106	28
line:cond:lambda-retain	supplement	Algorithm 2, line 107	28
line:cond:lambda-prefix	supplement	Algorithm 2, line 108	28
line:cond:lambda-retire	supplement	Algorithm 2, line 110	28
line:cond:lambda-sync	supplement	Algorithm 2, line 111	28
line:cond:acs-decide	supplement	Algorithm 2, line 114	28
line:cond:wc-receive	supplement	Algorithm 2, line 116	28
subsec:conductor-obligations	supplement	Section 3.8	28
lem:conductor-readiness-correspondence	supplement	Lemma 21	29
lem:conductor-fixed-prefix-recovery	supplement	Lemma 22	31
lem:conductor-readiness-notification	supplement	Lemma 23	31
lem:conductor-late-slot-progress	supplement	Lemma 24	32
lem:conductor-window-progress	supplement	Lemma 25	32
thm:practical-conductor-progress	supplement	Theorem 3	33
prop:conductor-validated-acs	supplement	Proposition 2	33
cor:conductor-certification-progress	supplement	Corollary 4	34
prop:conductor-bounded-window-progress	supplement	Proposition 3	35
prop:conductor-timely-inclusion	supplement	Proposition 4	35
lem:conductor-synchronous-windows	supplement	Lemma 26	36
thm:conductor-synchronous-censorship	supplement	Theorem 4	37
lem:conductor-bounded-readiness	supplement	Lemma 27	38
lem:conductor-bounded-entry	supplement	Lemma 28	38
lem:conductor-quantitative-recovery	supplement	Lemma 29	38
lem:conductor-timely-ticket	supplement	Lemma 30	39
thm:conductor-explicit-grace	supplement	Theorem 5	39
eq:conductor-timing-check	supplement	Equation (5)	39
sec:chain-state-cert	supplement	Section 4	40
eq:ticket-freshness	supplement	Equation (6)	41
assum:recovery-data-availability	supplement	Section 4.1	42
mod:chainstatecert	supplement	Module 1	43
lem:chainstate-uniqueness	supplement	Lemma 31	44
lem:chainstate-propagation	supplement	Lemma 32	44
lem:chainstate-liveness	supplement	Lemma 33	44
subsec:using-the-cert	supplement	Section 4.3	45
sec:chunksync	supplement	Section 5	46
sec:implementationnotes	supplement	Section 7	47
fig:proposal-timing-xsweep	supplement	Figure 4	48
sec:fallback-transition	supplement	Section 7.4	48
sec:raptorcast	supplement	Section 8	50
sec:extrachunkredundancy	supplement	Section 8.3	51
sec:pull-recovery	supplement	Section 8.4	51
sec:implementing-conductor	supplement	Section 9	51
sec:window-exec	supplement	Section 9.1	51
sec:system-model	supplement	Section 10	52
sec:timing-constants	supplement	Section 10.1	52
sec:clock-skew	supplement	Section 10.2	52
sec:reliable-delivery	supplement	Section 10.3	52
sec:persistence	supplement	Section 10.4	52
sec:domain-separation	supplement	Section 10.5	52
sec:tibe-lifecycle	supplement	Section 10.6	52
sec:translation-e2e	supplement	Section 11	53
sec:translation-execution	supplement	Section 11.1	53
sec:e2e-behavior	supplement	Section 11.2	53
